{
  "init_std_dev": 0.06648801517690249,
  "lr_all": 0.007163097454655094,
  "n_epochs": 40,
  "n_factors": 194,
  "reg_bi": 0.14300339847646254,
  "reg_bu": 0.06682668263948885,
  "reg_pu": 0.04988424405495131,
  "reg_qi": 0.04010911749902799
}