{"init_std_dev": 0.06275965000626767, "lr_all": 0.009199521723477832, "n_epochs": 47, "n_factors": 241, "reg_bi": 0.3263489666574134, "reg_bu": 0.07703091877692822, "reg_pu": 0.04952359030779675, "reg_qi": 0.027146454260647115}