{
  "init_std_dev": 0.22893522915121478,
  "lr_all": 0.009526972340976523,
  "n_epochs": 69,
  "n_factors": 150,
  "reg_bi": 0.09342858816671092,
  "reg_bu": 0.06765045263862099,
  "reg_pu": 0.047550025826647725,
  "reg_qi": 0.04790153247439678
}