{
  "init_std_dev": 0.21483583767866765,
  "lr_all": 0.004193789482141866,
  "n_epochs": 69,
  "n_factors": 217,
  "reg_bi": 0.12064297187296281,
  "reg_bu": 0.04830398022450677,
  "reg_pu": 0.0460519442989215,
  "reg_qi": 0.04858665178520828
}