{
  "init_std_dev": 0.09582439565103422,
  "lr_all": 0.010585399494538933,
  "n_epochs": 49,
  "n_factors": 244,
  "reg_bi": 0.21947541836155524,
  "reg_bu": 0.05636169374202647,
  "reg_pu": 0.047552579165531746,
  "reg_qi": 0.046794093938807034
}