{
  "init_std_dev": 0.06705810974488775,
  "lr_all": 0.0044764497466086494,
  "n_epochs": 40,
  "n_factors": 173,
  "reg_bi": 0.12335484299252436,
  "reg_bu": 0.03964225866204944,
  "reg_pu": 0.04672364056093463,
  "reg_qi": 0.044765873634302865
}