mean_test_rmse,std_test_rmse,rank_test_rmse,mean_fit_time,params,fold_in_rmse_explicit,fold_in_precision@k_explicit,personalization_score_explicit,fold_in_rmse_with_likes,fold_in_precision@k_with_likes,personalization_score_with_likes,rank_foldin_primary,rank_foldin_rmse_explicit,rank_foldin_rmse_with_likes,rank_personalization_explicit,rank_personalization_with_likes
1.6449438621882306,0.0021942459653887,2.0,11.035417318344116,"{'init_std_dev': 0.2168425538038814, 'lr_all': 0.010109542810051567, 'n_epochs': 79, 'n_factors': 190, 'reg_bi': 0.2007460281155241, 'reg_bu': 0.08345669355851602, 'reg_pu': 0.016578641994069995, 'reg_qi': 0.04936978262419041}",1.4750779335411415,0.9063176697426671,0.9461137556029574,1.4761926043057025,0.9062077123530422,0.9464276365663367,2,2,2,2,2
1.6854074633383356,0.0004794356173451,3.0,8.769826889038086,"{'init_std_dev': 0.20780519109967505, 'lr_all': 0.005229162281871777, 'n_epochs': 50, 'n_factors': 245, 'reg_bi': 0.16899071638770746, 'reg_bu': 0.0495324549768283, 'reg_pu': 0.04510320166184881, 'reg_qi': 0.010144507171185082}",1.5064675628075204,0.8997516791810924,0.946359961704218,1.5070963280950653,0.9000820051234382,0.946547358555213,3,3,3,1,1
1.5791701053899894,0.0008049986484499,1.0,7.381436983744304,"{'init_std_dev': 0.06648801517690249, 'lr_all': 0.007163097454655094, 'n_epochs': 40, 'n_factors': 194, 'reg_bi': 0.14300339847646254, 'reg_bu': 0.06682668263948885, 'reg_pu': 0.04988424405495131, 'reg_qi': 0.04010911749902799}",1.4431449779166983,0.9119873638861649,0.9417465175976761,1.4449558936050992,0.9120096273751531,0.9421555626585937,1,1,1,3,3
