mean_test_rmse,std_test_rmse,rank_test_rmse,mean_fit_time,params
1.6449438621882306,0.002194245965388772,2.0,11.035417318344116,"{'init_std_dev': 0.2168425538038814, 'lr_all': 0.010109542810051567, 'n_epochs': 79, 'n_factors': 190, 'reg_bi': 0.2007460281155241, 'reg_bu': 0.08345669355851602, 'reg_pu': 0.016578641994069995, 'reg_qi': 0.04936978262419041}"
1.6854074633383356,0.00047943561734514127,3.0,8.769826889038086,"{'init_std_dev': 0.20780519109967505, 'lr_all': 0.005229162281871777, 'n_epochs': 50, 'n_factors': 245, 'reg_bi': 0.16899071638770746, 'reg_bu': 0.0495324549768283, 'reg_pu': 0.04510320166184881, 'reg_qi': 0.010144507171185082}"
1.5791701053899894,0.000804998648449989,1.0,7.381436983744304,"{'init_std_dev': 0.06648801517690249, 'lr_all': 0.007163097454655094, 'n_epochs': 40, 'n_factors': 194, 'reg_bi': 0.14300339847646254, 'reg_bu': 0.06682668263948885, 'reg_pu': 0.04988424405495131, 'reg_qi': 0.04010911749902799}"
