mean_test_rmse,std_test_rmse,rank_test_rmse,mean_fit_time,params,fold_in_rmse_explicit,fold_in_precision@k_explicit,personalization_score_explicit,fold_in_rmse_with_likes,fold_in_precision@k_with_likes,personalization_score_with_likes,rank_foldin_primary,rank_foldin_rmse_explicit,rank_foldin_rmse_with_likes,rank_personalization_explicit,rank_personalization_with_likes
1.7907107702021194,0.0029267202443107,3.0,3.9021050930023193,"{'init_std_dev': 0.0885407105949181, 'lr_all': 0.008920397572123238, 'n_epochs': 42, 'n_factors': 103, 'reg_bi': 0.22472036065842949, 'reg_bu': 0.0580382620803994, 'reg_pu': 0.011358566850636853, 'reg_qi': 0.021817473183101843}",1.4729959396999919,0.8994399393824041,0.9491817045232317,1.4722759439242543,0.8997027074665349,0.9494319637742117,3,3,3,1,1
1.5911146853943787,0.0027641028846321,2.0,8.077126582463583,"{'init_std_dev': 0.07063110276488462, 'lr_all': 0.008807633288932401, 'n_epochs': 50, 'n_factors': 228, 'reg_bi': 0.21519951642466062, 'reg_bu': 0.10869177278532095, 'reg_pu': 0.02926120843074785, 'reg_qi': 0.0465015533573208}",1.412091296129309,0.9101087949596461,0.9435382196191708,1.4138077675164056,0.91015883683815,0.9438047843281773,2,2,2,2,2
1.5812777912574916,0.0020033939200353,1.0,9.435442765553791,"{'init_std_dev': 0.06275965000626767, 'lr_all': 0.009199521723477832, 'n_epochs': 47, 'n_factors': 241, 'reg_bi': 0.3263489666574134, 'reg_bu': 0.07703091877692822, 'reg_pu': 0.04952359030779675, 'reg_qi': 0.027146454260647115}",1.41157565467268,0.9114917076914614,0.9427234664253055,1.4131717131435,0.9109823774821375,0.9430846486170711,1,1,1,3,3
