mean_test_rmse,std_test_rmse,rank_test_rmse,mean_fit_time,params
1.6372789712113185,0.0018802897216413181,2.0,8.142914056777954,"{'init_std_dev': 0.09982062288610723, 'lr_all': 0.006856007749304217, 'n_epochs': 63, 'n_factors': 172, 'reg_bi': 0.25929859730659877, 'reg_bu': 0.050217234256393975, 'reg_pu': 0.03023093917489953, 'reg_qi': 0.02941860752835824}"
1.6882528642765855,0.002312099750950974,3.0,5.069566249847412,"{'init_std_dev': 0.1980692250984401, 'lr_all': 0.00538797503027294, 'n_epochs': 40, 'n_factors': 168, 'reg_bi': 0.15570781094619585, 'reg_bu': 0.03120676397753626, 'reg_pu': 0.03511717475344215, 'reg_qi': 0.02536021550393295}"
1.7074468430028202,0.0032754645930326677,4.0,11.404318650563559,"{'init_std_dev': 0.25831000988074604, 'lr_all': 0.004272614203034162, 'n_epochs': 76, 'n_factors': 203, 'reg_bi': 0.1449780793012368, 'reg_bu': 0.04381825233675563, 'reg_pu': 0.026339198594148468, 'reg_qi': 0.025631731446926043}"
1.5774601167046483,0.0018457661581129689,1.0,6.992601633071899,"{'init_std_dev': 0.06648801517690249, 'lr_all': 0.007163097454655094, 'n_epochs': 40, 'n_factors': 194, 'reg_bi': 0.14300339847646254, 'reg_bu': 0.06682668263948885, 'reg_pu': 0.04988424405495131, 'reg_qi': 0.04010911749902799}"
