mean_test_rmse,std_test_rmse,rank_test_rmse,mean_fit_time,params,fold_in_rmse_explicit,fold_in_precision@k_explicit,personalization_score_explicit,fold_in_rmse_with_likes,fold_in_precision@k_with_likes,personalization_score_with_likes,rank_foldin_primary,rank_foldin_rmse_explicit,rank_foldin_rmse_with_likes,rank_personalization_explicit,rank_personalization_with_likes
1.744516170148345,0.0009224661250868,2.0,12.124701420466105,"{'init_std_dev': 0.2499367572359028, 'lr_all': 0.003295525221130217, 'n_epochs': 77, 'n_factors': 220, 'reg_bi': 0.20300011867974538, 'reg_bu': 0.046993300417921796, 'reg_pu': 0.01656467425143712, 'reg_qi': 0.0324369030977946}",1.4872102810538201,0.8971022498954053,0.9463282562263257,1.4875409923480762,0.8974149338570476,0.9464997810542329,2,2,2,2,2
1.7987945800982752,0.0029746644831873,3.0,7.102134068806966,"{'init_std_dev': 0.24878473946851687, 'lr_all': 0.00687875955460256, 'n_epochs': 43, 'n_factors': 225, 'reg_bi': 0.18614359125105173, 'reg_bu': 0.05064704663501632, 'reg_pu': 0.016783742790678124, 'reg_qi': 0.013471367972183264}",1.529165591329996,0.8883284223434739,0.9493862840872855,1.5285298092567559,0.8879927968119223,0.9494994441507588,3,3,3,1,1
1.5807227761418912,0.0010052903310289,1.0,10.198154211044312,"{'init_std_dev': 0.06275965000626767, 'lr_all': 0.009199521723477832, 'n_epochs': 47, 'n_factors': 241, 'reg_bi': 0.3263489666574134, 'reg_bu': 0.07703091877692822, 'reg_pu': 0.04952359030779675, 'reg_qi': 0.027146454260647115}",1.41157565467268,0.9114917076914614,0.9427234664253055,1.4131717131435,0.9109823774821375,0.9430846486170711,1,1,1,3,3
