mean_test_rmse,std_test_rmse,rank_test_rmse,mean_fit_time,params,false_fold_in_rmse_explicit,fold_in_rmse_explicit,fold_in_precision@k_explicit,personalization_score_explicit,false_fold_in_rmse_with_likes,fold_in_rmse_with_likes,fold_in_precision@k_with_likes,personalization_score_with_likes,rank_foldin_primary,rank_foldin_rmse_explicit,rank_foldin_rmse_with_likes,rank_personalization_explicit,rank_personalization_with_likes
1.6372789712113185,0.0018802897216413,2.0,8.142914056777954,"{'init_std_dev': 0.09982062288610723, 'lr_all': 0.006856007749304217, 'n_epochs': 63, 'n_factors': 172, 'reg_bi': 0.25929859730659877, 'reg_bu': 0.050217234256393975, 'reg_pu': 0.03023093917489953, 'reg_qi': 0.02941860752835824}",1.4362444641381114,1.4748964503473767,0.9051617036673225,0.945589487238612,1.437056905210099,1.4757805965258048,0.9051613618951458,0.9458757335450824,2,2,2,1,1
1.6882528642765855,0.0023120997509509,3.0,5.069566249847412,"{'init_std_dev': 0.1980692250984401, 'lr_all': 0.00538797503027294, 'n_epochs': 40, 'n_factors': 168, 'reg_bi': 0.15570781094619585, 'reg_bu': 0.03120676397753626, 'reg_pu': 0.03511717475344215, 'reg_qi': 0.02536021550393295}",1.451064022729193,1.4898909289460869,0.9026435128003563,0.945295273560384,1.4517520399156696,1.4906933132837543,0.9024140940666123,0.9454860660614126,3,3,3,3,3
1.7074468430028202,0.0032754645930326,4.0,11.40431865056356,"{'init_std_dev': 0.25831000988074604, 'lr_all': 0.004272614203034162, 'n_epochs': 76, 'n_factors': 203, 'reg_bi': 0.1449780793012368, 'reg_bu': 0.04381825233675563, 'reg_pu': 0.026339198594148468, 'reg_qi': 0.025631731446926043}",1.466922042802758,1.505686773502562,0.9014791442915272,0.9455609437240414,1.4670851985494664,1.5058819206370033,0.9014844926316989,0.9457566875722876,4,4,4,2,2
1.5774601167046485,0.0018457661581129,1.0,6.992601633071899,"{'init_std_dev': 0.06648801517690249, 'lr_all': 0.007163097454655094, 'n_epochs': 40, 'n_factors': 194, 'reg_bi': 0.14300339847646254, 'reg_bu': 0.06682668263948885, 'reg_pu': 0.04988424405495131, 'reg_qi': 0.04010911749902799}",1.4058407260366752,1.4431449779166983,0.9119873638861649,0.9417465175976761,1.407502301939814,1.4449558936050992,0.9120096273751531,0.9421555626585937,1,1,1,4,4
