{"init_std_dev": 0.10227705012676218, "lr_all": 0.006505736810453596, "n_epochs": 73, "n_factors": 248, "reg_bi": 0.10160456811376038, "reg_bu": 0.0755549546292447, "reg_pu": 0.04801184959779493, "reg_qi": 0.03234913543412103}