{"lr_all": 0.0062939109080326966, "n_epochs": 69, "n_factors": 215, "reg_bi": 0.31902932182676835, "reg_bu": 0.03736958941361292, "reg_pu": 0.045880352735894234, "reg_qi": 0.04579210656274888}