{"lr_all": 0.004816404910904498, "n_epochs": 42, "n_factors": 147, "reg_all": 0.1382784138473327}