{"lr_all": 0.0032200143689816644, "n_epochs": 76, "n_factors": 168, "reg_all": 0.14767003805569506, "reg_bi": 0.12401612475881811}