{"lr_all": 0.008599822038897514, "lr_bu": 0.12883245706803126, "lr_pu": 0.16433871948601925, "n_epochs": 97, "n_factors": 150, "reg_all": 0.18094379901110785}