{"lr_all": 0.0028736061000986107, "n_epochs": 63, "n_factors": 114, "reg_all": 0.1351711989635303, "reg_bi": 0.2812632244453843}